{"Version":1,"ManifestType":"Publish","Endpoints":[{"Route":"assets/index-CFUm2ePE.aij6i3cl56.css","AssetFile":"assets/index-CFUm2ePE.css.gz","Selectors":[{"Name":"Content-Encoding","Value":"gzip","Quality":"0.000293083236"}],"ResponseHeaders":[{"Name":"Cache-Control","Value":"max-age=31536000, immutable"},{"Name":"Content-Encoding","Value":"gzip"},{"Name":"Content-Length","Value":"3411"},{"Name":"Content-Type","Value":"text/css"},{"Name":"ETag","Value":"\"e2yq8Oi/0zpokoUGXIIDia43yAxzFoc9UnImcKTEt6Q=\""},{"Name":"Last-Modified","Value":"Mon, 16 Feb 2026 00:49:00 GMT"},{"Name":"Vary","Value":"Accept-Encoding"}],"EndpointProperties":[{"Name":"fingerprint","Value":"aij6i3cl56"},{"Name":"integrity","Value":"sha256-vhlxBsc0fUf4D4ahjmV5qRhzbLFc3Zvu1aVGCZHFQ5M="},{"Name":"label","Value":"assets/index-CFUm2ePE.css"},{"Name":"original-resource","Value":"\"vhlxBsc0fUf4D4ahjmV5qRhzbLFc3Zvu1aVGCZHFQ5M=\""}]},{"Route":"assets/index-CFUm2ePE.aij6i3cl56.css","AssetFile":"assets/index-CFUm2ePE.css.br","Selectors":[{"Name":"Content-Encoding","Value":"br","Quality":"0.000333000333"}],"ResponseHeaders":[{"Name":"Cache-Control","Value":"max-age=31536000, immutable"},{"Name":"Content-Encoding","Value":"br"},{"Name":"Content-Length","Value":"3002"},{"Name":"Content-Type","Value":"text/css"},{"Name":"ETag","Value":"\"QM6QI9Irui/eFot2LQt1y0TIC5sVsUTOfpOjF62emHI=\""},{"Name":"Last-Modified","Value":"Mon, 16 Feb 2026 00:49:01 GMT"},{"Name":"Vary","Value":"Accept-Encoding"}],"EndpointProperties":[{"Name":"fingerprint","Value":"aij6i3cl56"},{"Name":"integrity","Value":"sha256-vhlxBsc0fUf4D4ahjmV5qRhzbLFc3Zvu1aVGCZHFQ5M="},{"Name":"label","Value":"assets/index-CFUm2ePE.css"},{"Name":"original-resource","Value":"\"vhlxBsc0fUf4D4ahjmV5qRhzbLFc3Zvu1aVGCZHFQ5M=\""}]},{"Route":"assets/index-CFUm2ePE.aij6i3cl56.css","AssetFile":"assets/index-CFUm2ePE.css","Selectors":[],"ResponseHeaders":[{"Name":"Cache-Control","Value":"max-age=31536000, immutable"},{"Name":"Content-Length","Value":"15991"},{"Name":"Content-Type","Value":"text/css"},{"Name":"ETag","Value":"\"vhlxBsc0fUf4D4ahjmV5qRhzbLFc3Zvu1aVGCZHFQ5M=\""},{"Name":"Last-Modified","Value":"Mon, 16 Feb 2026 00:48:59 GMT"},{"Name":"Vary","Value":"Accept-Encoding"}],"EndpointProperties":[{"Name":"fingerprint","Value":"aij6i3cl56"},{"Name":"integrity","Value":"sha256-vhlxBsc0fUf4D4ahjmV5qRhzbLFc3Zvu1aVGCZHFQ5M="},{"Name":"label","Value":"assets/index-CFUm2ePE.css"}]},{"Route":"assets/index-CFUm2ePE.aij6i3cl56.css.br","AssetFile":"assets/index-CFUm2ePE.css.br","Selectors":[],"ResponseHeaders":[{"Name":"Cache-Control","Value":"max-age=31536000, immutable"},{"Name":"Content-Encoding","Value":"br"},{"Name":"Content-Length","Value":"3002"},{"Name":"Content-Type","Value":"text/css"},{"Name":"ETag","Value":"\"QM6QI9Irui/eFot2LQt1y0TIC5sVsUTOfpOjF62emHI=\""},{"Name":"Last-Modified","Value":"Mon, 16 Feb 2026 00:49:01 GMT"},{"Name":"Vary","Value":"Accept-Encoding"}],"EndpointProperties":[{"Name":"fingerprint","Value":"aij6i3cl56"},{"Name":"integrity","Value":"sha256-QM6QI9Irui/eFot2LQt1y0TIC5sVsUTOfpOjF62emHI="},{"Name":"label","Value":"assets/index-CFUm2ePE.css.br"}]},{"Route":"assets/index-CFUm2ePE.aij6i3cl56.css.gz","AssetFile":"assets/index-CFUm2ePE.css.gz","Selectors":[],"ResponseHeaders":[{"Name":"Cache-Control","Value":"max-age=31536000, immutable"},{"Name":"Content-Encoding","Value":"gzip"},{"Name":"Content-Length","Value":"3411"},{"Name":"Content-Type","Value":"text/css"},{"Name":"ETag","Value":"\"e2yq8Oi/0zpokoUGXIIDia43yAxzFoc9UnImcKTEt6Q=\""},{"Name":"Last-Modified","Value":"Mon, 16 Feb 2026 00:49:00 GMT"},{"Name":"Vary","Value":"Accept-Encoding"}],"EndpointProperties":[{"Name":"fingerprint","Value":"aij6i3cl56"},{"Name":"integrity","Value":"sha256-e2yq8Oi/0zpokoUGXIIDia43yAxzFoc9UnImcKTEt6Q="},{"Name":"label","Value":"assets/index-CFUm2ePE.css.gz"}]},{"Route":"assets/index-CFUm2ePE.css","AssetFile":"assets/index-CFUm2ePE.css.gz","Selectors":[{"Name":"Content-Encoding","Value":"gzip","Quality":"0.000293083236"}],"ResponseHeaders":[{"Name":"Cache-Control","Value":"no-cache"},{"Name":"Content-Encoding","Value":"gzip"},{"Name":"Content-Length","Value":"3411"},{"Name":"Content-Type","Value":"text/css"},{"Name":"ETag","Value":"\"e2yq8Oi/0zpokoUGXIIDia43yAxzFoc9UnImcKTEt6Q=\""},{"Name":"Last-Modified","Value":"Mon, 16 Feb 2026 00:49:00 GMT"},{"Name":"Vary","Value":"Accept-Encoding"}],"EndpointProperties":[{"Name":"integrity","Value":"sha256-vhlxBsc0fUf4D4ahjmV5qRhzbLFc3Zvu1aVGCZHFQ5M="},{"Name":"original-resource","Value":"\"vhlxBsc0fUf4D4ahjmV5qRhzbLFc3Zvu1aVGCZHFQ5M=\""}]},{"Route":"assets/index-CFUm2ePE.css","AssetFile":"assets/index-CFUm2ePE.css.br","Selectors":[{"Name":"Content-Encoding","Value":"br","Quality":"0.000333000333"}],"ResponseHeaders":[{"Name":"Cache-Control","Value":"no-cache"},{"Name":"Content-Encoding","Value":"br"},{"Name":"Content-Length","Value":"3002"},{"Name":"Content-Type","Value":"text/css"},{"Name":"ETag","Value":"\"QM6QI9Irui/eFot2LQt1y0TIC5sVsUTOfpOjF62emHI=\""},{"Name":"Last-Modified","Value":"Mon, 16 Feb 2026 00:49:01 GMT"},{"Name":"Vary","Value":"Accept-Encoding"}],"EndpointProperties":[{"Name":"integrity","Value":"sha256-vhlxBsc0fUf4D4ahjmV5qRhzbLFc3Zvu1aVGCZHFQ5M="},{"Name":"original-resource","Value":"\"vhlxBsc0fUf4D4ahjmV5qRhzbLFc3Zvu1aVGCZHFQ5M=\""}]},{"Route":"assets/index-CFUm2ePE.css","AssetFile":"assets/index-CFUm2ePE.css","Selectors":[],"ResponseHeaders":[{"Name":"Cache-Control","Value":"no-cache"},{"Name":"Content-Length","Value":"15991"},{"Name":"Content-Type","Value":"text/css"},{"Name":"ETag","Value":"\"vhlxBsc0fUf4D4ahjmV5qRhzbLFc3Zvu1aVGCZHFQ5M=\""},{"Name":"Last-Modified","Value":"Mon, 16 Feb 2026 00:48:59 GMT"},{"Name":"Vary","Value":"Accept-Encoding"}],"EndpointProperties":[{"Name":"integrity","Value":"sha256-vhlxBsc0fUf4D4ahjmV5qRhzbLFc3Zvu1aVGCZHFQ5M="}]},{"Route":"assets/index-CFUm2ePE.css.br","AssetFile":"assets/index-CFUm2ePE.css.br","Selectors":[],"ResponseHeaders":[{"Name":"Cache-Control","Value":"no-cache"},{"Name":"Content-Encoding","Value":"br"},{"Name":"Content-Length","Value":"3002"},{"Name":"Content-Type","Value":"text/css"},{"Name":"ETag","Value":"\"QM6QI9Irui/eFot2LQt1y0TIC5sVsUTOfpOjF62emHI=\""},{"Name":"Last-Modified","Value":"Mon, 16 Feb 2026 00:49:01 GMT"},{"Name":"Vary","Value":"Accept-Encoding"}],"EndpointProperties":[{"Name":"integrity","Value":"sha256-QM6QI9Irui/eFot2LQt1y0TIC5sVsUTOfpOjF62emHI="}]},{"Route":"assets/index-CFUm2ePE.css.gz","AssetFile":"assets/index-CFUm2ePE.css.gz","Selectors":[],"ResponseHeaders":[{"Name":"Cache-Control","Value":"no-cache"},{"Name":"Content-Encoding","Value":"gzip"},{"Name":"Content-Length","Value":"3411"},{"Name":"Content-Type","Value":"text/css"},{"Name":"ETag","Value":"\"e2yq8Oi/0zpokoUGXIIDia43yAxzFoc9UnImcKTEt6Q=\""},{"Name":"Last-Modified","Value":"Mon, 16 Feb 2026 00:49:00 GMT"},{"Name":"Vary","Value":"Accept-Encoding"}],"EndpointProperties":[{"Name":"integrity","Value":"sha256-e2yq8Oi/0zpokoUGXIIDia43yAxzFoc9UnImcKTEt6Q="}]},{"Route":"assets/index-MBCMdllq.js","AssetFile":"assets/index-MBCMdllq.js.gz","Selectors":[{"Name":"Content-Encoding","Value":"gzip","Quality":"0.000012205392"}],"ResponseHeaders":[{"Name":"Cache-Control","Value":"no-cache"},{"Name":"Content-Encoding","Value":"gzip"},{"Name":"Content-Length","Value":"81930"},{"Name":"Content-Type","Value":"text/javascript"},{"Name":"ETag","Value":"\"AAHlSwO39mdE+VxrY5cuEXvcQrQMGgnOwecRvmaLtpY=\""},{"Name":"Last-Modified","Value":"Mon, 16 Feb 2026 00:49:00 GMT"},{"Name":"Vary","Value":"Accept-Encoding"}],"EndpointProperties":[{"Name":"integrity","Value":"sha256-fe8Bd2lBEE56xuClg/c6HPT3Y1CQuCKMc8jIiL3jFnI="},{"Name":"original-resource","Value":"\"fe8Bd2lBEE56xuClg/c6HPT3Y1CQuCKMc8jIiL3jFnI=\""}]},{"Route":"assets/index-MBCMdllq.js","AssetFile":"assets/index-MBCMdllq.js.br","Selectors":[{"Name":"Content-Encoding","Value":"br","Quality":"0.000014280410"}],"ResponseHeaders":[{"Name":"Cache-Control","Value":"no-cache"},{"Name":"Content-Encoding","Value":"br"},{"Name":"Content-Length","Value":"70025"},{"Name":"Content-Type","Value":"text/javascript"},{"Name":"ETag","Value":"\"fJMeSqDcqN7kR3G2CU8YFYyT2Hsh1hgRtlULVR6ecGo=\""},{"Name":"Last-Modified","Value":"Mon, 16 Feb 2026 00:49:01 GMT"},{"Name":"Vary","Value":"Accept-Encoding"}],"EndpointProperties":[{"Name":"integrity","Value":"sha256-fe8Bd2lBEE56xuClg/c6HPT3Y1CQuCKMc8jIiL3jFnI="},{"Name":"original-resource","Value":"\"fe8Bd2lBEE56xuClg/c6HPT3Y1CQuCKMc8jIiL3jFnI=\""}]},{"Route":"assets/index-MBCMdllq.js","AssetFile":"assets/index-MBCMdllq.js","Selectors":[],"ResponseHeaders":[{"Name":"Cache-Control","Value":"no-cache"},{"Name":"Content-Length","Value":"259239"},{"Name":"Content-Type","Value":"text/javascript"},{"Name":"ETag","Value":"\"fe8Bd2lBEE56xuClg/c6HPT3Y1CQuCKMc8jIiL3jFnI=\""},{"Name":"Last-Modified","Value":"Mon, 16 Feb 2026 00:48:59 GMT"},{"Name":"Vary","Value":"Accept-Encoding"}],"EndpointProperties":[{"Name":"integrity","Value":"sha256-fe8Bd2lBEE56xuClg/c6HPT3Y1CQuCKMc8jIiL3jFnI="}]},{"Route":"assets/index-MBCMdllq.js.br","AssetFile":"assets/index-MBCMdllq.js.br","Selectors":[],"ResponseHeaders":[{"Name":"Cache-Control","Value":"no-cache"},{"Name":"Content-Encoding","Value":"br"},{"Name":"Content-Length","Value":"70025"},{"Name":"Content-Type","Value":"text/javascript"},{"Name":"ETag","Value":"\"fJMeSqDcqN7kR3G2CU8YFYyT2Hsh1hgRtlULVR6ecGo=\""},{"Name":"Last-Modified","Value":"Mon, 16 Feb 2026 00:49:01 GMT"},{"Name":"Vary","Value":"Accept-Encoding"}],"EndpointProperties":[{"Name":"integrity","Value":"sha256-fJMeSqDcqN7kR3G2CU8YFYyT2Hsh1hgRtlULVR6ecGo="}]},{"Route":"assets/index-MBCMdllq.js.gz","AssetFile":"assets/index-MBCMdllq.js.gz","Selectors":[],"ResponseHeaders":[{"Name":"Cache-Control","Value":"no-cache"},{"Name":"Content-Encoding","Value":"gzip"},{"Name":"Content-Length","Value":"81930"},{"Name":"Content-Type","Value":"text/javascript"},{"Name":"ETag","Value":"\"AAHlSwO39mdE+VxrY5cuEXvcQrQMGgnOwecRvmaLtpY=\""},{"Name":"Last-Modified","Value":"Mon, 16 Feb 2026 00:49:00 GMT"},{"Name":"Vary","Value":"Accept-Encoding"}],"EndpointProperties":[{"Name":"integrity","Value":"sha256-AAHlSwO39mdE+VxrY5cuEXvcQrQMGgnOwecRvmaLtpY="}]},{"Route":"assets/index-MBCMdllq.xbxftjbq52.js","AssetFile":"assets/index-MBCMdllq.js.gz","Selectors":[{"Name":"Content-Encoding","Value":"gzip","Quality":"0.000012205392"}],"ResponseHeaders":[{"Name":"Cache-Control","Value":"max-age=31536000, immutable"},{"Name":"Content-Encoding","Value":"gzip"},{"Name":"Content-Length","Value":"81930"},{"Name":"Content-Type","Value":"text/javascript"},{"Name":"ETag","Value":"\"AAHlSwO39mdE+VxrY5cuEXvcQrQMGgnOwecRvmaLtpY=\""},{"Name":"Last-Modified","Value":"Mon, 16 Feb 2026 00:49:00 GMT"},{"Name":"Vary","Value":"Accept-Encoding"}],"EndpointProperties":[{"Name":"fingerprint","Value":"xbxftjbq52"},{"Name":"integrity","Value":"sha256-fe8Bd2lBEE56xuClg/c6HPT3Y1CQuCKMc8jIiL3jFnI="},{"Name":"label","Value":"assets/index-MBCMdllq.js"},{"Name":"original-resource","Value":"\"fe8Bd2lBEE56xuClg/c6HPT3Y1CQuCKMc8jIiL3jFnI=\""}]},{"Route":"assets/index-MBCMdllq.xbxftjbq52.js","AssetFile":"assets/index-MBCMdllq.js.br","Selectors":[{"Name":"Content-Encoding","Value":"br","Quality":"0.000014280410"}],"ResponseHeaders":[{"Name":"Cache-Control","Value":"max-age=31536000, immutable"},{"Name":"Content-Encoding","Value":"br"},{"Name":"Content-Length","Value":"70025"},{"Name":"Content-Type","Value":"text/javascript"},{"Name":"ETag","Value":"\"fJMeSqDcqN7kR3G2CU8YFYyT2Hsh1hgRtlULVR6ecGo=\""},{"Name":"Last-Modified","Value":"Mon, 16 Feb 2026 00:49:01 GMT"},{"Name":"Vary","Value":"Accept-Encoding"}],"EndpointProperties":[{"Name":"fingerprint","Value":"xbxftjbq52"},{"Name":"integrity","Value":"sha256-fe8Bd2lBEE56xuClg/c6HPT3Y1CQuCKMc8jIiL3jFnI="},{"Name":"label","Value":"assets/index-MBCMdllq.js"},{"Name":"original-resource","Value":"\"fe8Bd2lBEE56xuClg/c6HPT3Y1CQuCKMc8jIiL3jFnI=\""}]},{"Route":"assets/index-MBCMdllq.xbxftjbq52.js","AssetFile":"assets/index-MBCMdllq.js","Selectors":[],"ResponseHeaders":[{"Name":"Cache-Control","Value":"max-age=31536000, immutable"},{"Name":"Content-Length","Value":"259239"},{"Name":"Content-Type","Value":"text/javascript"},{"Name":"ETag","Value":"\"fe8Bd2lBEE56xuClg/c6HPT3Y1CQuCKMc8jIiL3jFnI=\""},{"Name":"Last-Modified","Value":"Mon, 16 Feb 2026 00:48:59 GMT"},{"Name":"Vary","Value":"Accept-Encoding"}],"EndpointProperties":[{"Name":"fingerprint","Value":"xbxftjbq52"},{"Name":"integrity","Value":"sha256-fe8Bd2lBEE56xuClg/c6HPT3Y1CQuCKMc8jIiL3jFnI="},{"Name":"label","Value":"assets/index-MBCMdllq.js"}]},{"Route":"assets/index-MBCMdllq.xbxftjbq52.js.br","AssetFile":"assets/index-MBCMdllq.js.br","Selectors":[],"ResponseHeaders":[{"Name":"Cache-Control","Value":"max-age=31536000, immutable"},{"Name":"Content-Encoding","Value":"br"},{"Name":"Content-Length","Value":"70025"},{"Name":"Content-Type","Value":"text/javascript"},{"Name":"ETag","Value":"\"fJMeSqDcqN7kR3G2CU8YFYyT2Hsh1hgRtlULVR6ecGo=\""},{"Name":"Last-Modified","Value":"Mon, 16 Feb 2026 00:49:01 GMT"},{"Name":"Vary","Value":"Accept-Encoding"}],"EndpointProperties":[{"Name":"fingerprint","Value":"xbxftjbq52"},{"Name":"integrity","Value":"sha256-fJMeSqDcqN7kR3G2CU8YFYyT2Hsh1hgRtlULVR6ecGo="},{"Name":"label","Value":"assets/index-MBCMdllq.js.br"}]},{"Route":"assets/index-MBCMdllq.xbxftjbq52.js.gz","AssetFile":"assets/index-MBCMdllq.js.gz","Selectors":[],"ResponseHeaders":[{"Name":"Cache-Control","Value":"max-age=31536000, immutable"},{"Name":"Content-Encoding","Value":"gzip"},{"Name":"Content-Length","Value":"81930"},{"Name":"Content-Type","Value":"text/javascript"},{"Name":"ETag","Value":"\"AAHlSwO39mdE+VxrY5cuEXvcQrQMGgnOwecRvmaLtpY=\""},{"Name":"Last-Modified","Value":"Mon, 16 Feb 2026 00:49:00 GMT"},{"Name":"Vary","Value":"Accept-Encoding"}],"EndpointProperties":[{"Name":"fingerprint","Value":"xbxftjbq52"},{"Name":"integrity","Value":"sha256-AAHlSwO39mdE+VxrY5cuEXvcQrQMGgnOwecRvmaLtpY="},{"Name":"label","Value":"assets/index-MBCMdllq.js.gz"}]},{"Route":"index.e9q1zqwln5.html","AssetFile":"index.html.gz","Selectors":[{"Name":"Content-Encoding","Value":"gzip","Quality":"0.003311258278"}],"ResponseHeaders":[{"Name":"Cache-Control","Value":"max-age=31536000, immutable"},{"Name":"Content-Encoding","Value":"gzip"},{"Name":"Content-Length","Value":"301"},{"Name":"Content-Type","Value":"text/html"},{"Name":"ETag","Value":"\"g7kc3Rq5SC4vt8YB8PWUfRf2PWO2PZWc0xcWydHDc1E=\""},{"Name":"Last-Modified","Value":"Mon, 16 Feb 2026 00:49:00 GMT"},{"Name":"Vary","Value":"Accept-Encoding"}],"EndpointProperties":[{"Name":"fingerprint","Value":"e9q1zqwln5"},{"Name":"integrity","Value":"sha256-MiafALq9czxUQwhzEhMt7G9qCDXCzlbakg5262bw+jg="},{"Name":"label","Value":"index.html"},{"Name":"original-resource","Value":"\"MiafALq9czxUQwhzEhMt7G9qCDXCzlbakg5262bw+jg=\""}]},{"Route":"index.e9q1zqwln5.html","AssetFile":"index.html.br","Selectors":[{"Name":"Content-Encoding","Value":"br","Quality":"0.005747126437"}],"ResponseHeaders":[{"Name":"Cache-Control","Value":"max-age=31536000, immutable"},{"Name":"Content-Encoding","Value":"br"},{"Name":"Content-Length","Value":"173"},{"Name":"Content-Type","Value":"text/html"},{"Name":"ETag","Value":"\"Q3ryLysF3AuozZuV9j8+y/c17ucnBIZf8v+Co76Nkic=\""},{"Name":"Last-Modified","Value":"Mon, 16 Feb 2026 00:49:01 GMT"},{"Name":"Vary","Value":"Accept-Encoding"}],"EndpointProperties":[{"Name":"fingerprint","Value":"e9q1zqwln5"},{"Name":"integrity","Value":"sha256-MiafALq9czxUQwhzEhMt7G9qCDXCzlbakg5262bw+jg="},{"Name":"label","Value":"index.html"},{"Name":"original-resource","Value":"\"MiafALq9czxUQwhzEhMt7G9qCDXCzlbakg5262bw+jg=\""}]},{"Route":"index.e9q1zqwln5.html","AssetFile":"index.html","Selectors":[],"ResponseHeaders":[{"Name":"Cache-Control","Value":"max-age=31536000, immutable"},{"Name":"Content-Length","Value":"470"},{"Name":"Content-Type","Value":"text/html"},{"Name":"ETag","Value":"\"MiafALq9czxUQwhzEhMt7G9qCDXCzlbakg5262bw+jg=\""},{"Name":"Last-Modified","Value":"Mon, 16 Feb 2026 00:48:59 GMT"},{"Name":"Vary","Value":"Accept-Encoding"}],"EndpointProperties":[{"Name":"fingerprint","Value":"e9q1zqwln5"},{"Name":"integrity","Value":"sha256-MiafALq9czxUQwhzEhMt7G9qCDXCzlbakg5262bw+jg="},{"Name":"label","Value":"index.html"}]},{"Route":"index.e9q1zqwln5.html.br","AssetFile":"index.html.br","Selectors":[],"ResponseHeaders":[{"Name":"Cache-Control","Value":"max-age=31536000, immutable"},{"Name":"Content-Encoding","Value":"br"},{"Name":"Content-Length","Value":"173"},{"Name":"Content-Type","Value":"text/html"},{"Name":"ETag","Value":"\"Q3ryLysF3AuozZuV9j8+y/c17ucnBIZf8v+Co76Nkic=\""},{"Name":"Last-Modified","Value":"Mon, 16 Feb 2026 00:49:01 GMT"},{"Name":"Vary","Value":"Accept-Encoding"}],"EndpointProperties":[{"Name":"fingerprint","Value":"e9q1zqwln5"},{"Name":"integrity","Value":"sha256-Q3ryLysF3AuozZuV9j8+y/c17ucnBIZf8v+Co76Nkic="},{"Name":"label","Value":"index.html.br"}]},{"Route":"index.e9q1zqwln5.html.gz","AssetFile":"index.html.gz","Selectors":[],"ResponseHeaders":[{"Name":"Cache-Control","Value":"max-age=31536000, immutable"},{"Name":"Content-Encoding","Value":"gzip"},{"Name":"Content-Length","Value":"301"},{"Name":"Content-Type","Value":"text/html"},{"Name":"ETag","Value":"\"g7kc3Rq5SC4vt8YB8PWUfRf2PWO2PZWc0xcWydHDc1E=\""},{"Name":"Last-Modified","Value":"Mon, 16 Feb 2026 00:49:00 GMT"},{"Name":"Vary","Value":"Accept-Encoding"}],"EndpointProperties":[{"Name":"fingerprint","Value":"e9q1zqwln5"},{"Name":"integrity","Value":"sha256-g7kc3Rq5SC4vt8YB8PWUfRf2PWO2PZWc0xcWydHDc1E="},{"Name":"label","Value":"index.html.gz"}]},{"Route":"index.html","AssetFile":"index.html.gz","Selectors":[{"Name":"Content-Encoding","Value":"gzip","Quality":"0.003311258278"}],"ResponseHeaders":[{"Name":"Cache-Control","Value":"no-cache"},{"Name":"Content-Encoding","Value":"gzip"},{"Name":"Content-Length","Value":"301"},{"Name":"Content-Type","Value":"text/html"},{"Name":"ETag","Value":"\"g7kc3Rq5SC4vt8YB8PWUfRf2PWO2PZWc0xcWydHDc1E=\""},{"Name":"Last-Modified","Value":"Mon, 16 Feb 2026 00:49:00 GMT"},{"Name":"Vary","Value":"Accept-Encoding"}],"EndpointProperties":[{"Name":"integrity","Value":"sha256-MiafALq9czxUQwhzEhMt7G9qCDXCzlbakg5262bw+jg="},{"Name":"original-resource","Value":"\"MiafALq9czxUQwhzEhMt7G9qCDXCzlbakg5262bw+jg=\""}]},{"Route":"index.html","AssetFile":"index.html.br","Selectors":[{"Name":"Content-Encoding","Value":"br","Quality":"0.005747126437"}],"ResponseHeaders":[{"Name":"Cache-Control","Value":"no-cache"},{"Name":"Content-Encoding","Value":"br"},{"Name":"Content-Length","Value":"173"},{"Name":"Content-Type","Value":"text/html"},{"Name":"ETag","Value":"\"Q3ryLysF3AuozZuV9j8+y/c17ucnBIZf8v+Co76Nkic=\""},{"Name":"Last-Modified","Value":"Mon, 16 Feb 2026 00:49:01 GMT"},{"Name":"Vary","Value":"Accept-Encoding"}],"EndpointProperties":[{"Name":"integrity","Value":"sha256-MiafALq9czxUQwhzEhMt7G9qCDXCzlbakg5262bw+jg="},{"Name":"original-resource","Value":"\"MiafALq9czxUQwhzEhMt7G9qCDXCzlbakg5262bw+jg=\""}]},{"Route":"index.html","AssetFile":"index.html","Selectors":[],"ResponseHeaders":[{"Name":"Cache-Control","Value":"no-cache"},{"Name":"Content-Length","Value":"470"},{"Name":"Content-Type","Value":"text/html"},{"Name":"ETag","Value":"\"MiafALq9czxUQwhzEhMt7G9qCDXCzlbakg5262bw+jg=\""},{"Name":"Last-Modified","Value":"Mon, 16 Feb 2026 00:48:59 GMT"},{"Name":"Vary","Value":"Accept-Encoding"}],"EndpointProperties":[{"Name":"integrity","Value":"sha256-MiafALq9czxUQwhzEhMt7G9qCDXCzlbakg5262bw+jg="}]},{"Route":"index.html.br","AssetFile":"index.html.br","Selectors":[],"ResponseHeaders":[{"Name":"Cache-Control","Value":"no-cache"},{"Name":"Content-Encoding","Value":"br"},{"Name":"Content-Length","Value":"173"},{"Name":"Content-Type","Value":"text/html"},{"Name":"ETag","Value":"\"Q3ryLysF3AuozZuV9j8+y/c17ucnBIZf8v+Co76Nkic=\""},{"Name":"Last-Modified","Value":"Mon, 16 Feb 2026 00:49:01 GMT"},{"Name":"Vary","Value":"Accept-Encoding"}],"EndpointProperties":[{"Name":"integrity","Value":"sha256-Q3ryLysF3AuozZuV9j8+y/c17ucnBIZf8v+Co76Nkic="}]},{"Route":"index.html.gz","AssetFile":"index.html.gz","Selectors":[],"ResponseHeaders":[{"Name":"Cache-Control","Value":"no-cache"},{"Name":"Content-Encoding","Value":"gzip"},{"Name":"Content-Length","Value":"301"},{"Name":"Content-Type","Value":"text/html"},{"Name":"ETag","Value":"\"g7kc3Rq5SC4vt8YB8PWUfRf2PWO2PZWc0xcWydHDc1E=\""},{"Name":"Last-Modified","Value":"Mon, 16 Feb 2026 00:49:00 GMT"},{"Name":"Vary","Value":"Accept-Encoding"}],"EndpointProperties":[{"Name":"integrity","Value":"sha256-g7kc3Rq5SC4vt8YB8PWUfRf2PWO2PZWc0xcWydHDc1E="}]},{"Route":"staticwebapp.config.json","AssetFile":"staticwebapp.config.json.gz","Selectors":[{"Name":"Content-Encoding","Value":"gzip","Quality":"0.004132231405"}],"ResponseHeaders":[{"Name":"Cache-Control","Value":"no-cache"},{"Name":"Content-Encoding","Value":"gzip"},{"Name":"Content-Length","Value":"241"},{"Name":"Content-Type","Value":"application/json"},{"Name":"ETag","Value":"\"R4fGvOOMTeYcCTLi1QS3ja7jsHRVNfV9ZU/3rJgh0Hk=\""},{"Name":"Last-Modified","Value":"Mon, 16 Feb 2026 00:49:00 GMT"},{"Name":"Vary","Value":"Accept-Encoding"}],"EndpointProperties":[{"Name":"integrity","Value":"sha256-wtqG8O0V5wKqSlrdqusuupa8omj9EpP6ErBELWtZfFo="},{"Name":"original-resource","Value":"\"wtqG8O0V5wKqSlrdqusuupa8omj9EpP6ErBELWtZfFo=\""}]},{"Route":"staticwebapp.config.json","AssetFile":"staticwebapp.config.json.br","Selectors":[{"Name":"Content-Encoding","Value":"br","Quality":"0.005291005291"}],"ResponseHeaders":[{"Name":"Cache-Control","Value":"no-cache"},{"Name":"Content-Encoding","Value":"br"},{"Name":"Content-Length","Value":"188"},{"Name":"Content-Type","Value":"application/json"},{"Name":"ETag","Value":"\"ilFrEdZP0fwt19vtu6uwnfx4P1DESAG0KPhJ4WPxlfM=\""},{"Name":"Last-Modified","Value":"Mon, 16 Feb 2026 00:49:01 GMT"},{"Name":"Vary","Value":"Accept-Encoding"}],"EndpointProperties":[{"Name":"integrity","Value":"sha256-wtqG8O0V5wKqSlrdqusuupa8omj9EpP6ErBELWtZfFo="},{"Name":"original-resource","Value":"\"wtqG8O0V5wKqSlrdqusuupa8omj9EpP6ErBELWtZfFo=\""}]},{"Route":"staticwebapp.config.json","AssetFile":"staticwebapp.config.json","Selectors":[],"ResponseHeaders":[{"Name":"Cache-Control","Value":"no-cache"},{"Name":"Content-Length","Value":"325"},{"Name":"Content-Type","Value":"application/json"},{"Name":"ETag","Value":"\"wtqG8O0V5wKqSlrdqusuupa8omj9EpP6ErBELWtZfFo=\""},{"Name":"Last-Modified","Value":"Mon, 16 Feb 2026 00:46:57 GMT"},{"Name":"Vary","Value":"Accept-Encoding"}],"EndpointProperties":[{"Name":"integrity","Value":"sha256-wtqG8O0V5wKqSlrdqusuupa8omj9EpP6ErBELWtZfFo="}]},{"Route":"staticwebapp.config.json.br","AssetFile":"staticwebapp.config.json.br","Selectors":[],"ResponseHeaders":[{"Name":"Cache-Control","Value":"no-cache"},{"Name":"Content-Encoding","Value":"br"},{"Name":"Content-Length","Value":"188"},{"Name":"Content-Type","Value":"application/json"},{"Name":"ETag","Value":"\"ilFrEdZP0fwt19vtu6uwnfx4P1DESAG0KPhJ4WPxlfM=\""},{"Name":"Last-Modified","Value":"Mon, 16 Feb 2026 00:49:01 GMT"},{"Name":"Vary","Value":"Accept-Encoding"}],"EndpointProperties":[{"Name":"integrity","Value":"sha256-ilFrEdZP0fwt19vtu6uwnfx4P1DESAG0KPhJ4WPxlfM="}]},{"Route":"staticwebapp.config.json.gz","AssetFile":"staticwebapp.config.json.gz","Selectors":[],"ResponseHeaders":[{"Name":"Cache-Control","Value":"no-cache"},{"Name":"Content-Encoding","Value":"gzip"},{"Name":"Content-Length","Value":"241"},{"Name":"Content-Type","Value":"application/json"},{"Name":"ETag","Value":"\"R4fGvOOMTeYcCTLi1QS3ja7jsHRVNfV9ZU/3rJgh0Hk=\""},{"Name":"Last-Modified","Value":"Mon, 16 Feb 2026 00:49:00 GMT"},{"Name":"Vary","Value":"Accept-Encoding"}],"EndpointProperties":[{"Name":"integrity","Value":"sha256-R4fGvOOMTeYcCTLi1QS3ja7jsHRVNfV9ZU/3rJgh0Hk="}]},{"Route":"staticwebapp.config.usz4n8shza.json","AssetFile":"staticwebapp.config.json.gz","Selectors":[{"Name":"Content-Encoding","Value":"gzip","Quality":"0.004132231405"}],"ResponseHeaders":[{"Name":"Cache-Control","Value":"max-age=31536000, immutable"},{"Name":"Content-Encoding","Value":"gzip"},{"Name":"Content-Length","Value":"241"},{"Name":"Content-Type","Value":"application/json"},{"Name":"ETag","Value":"\"R4fGvOOMTeYcCTLi1QS3ja7jsHRVNfV9ZU/3rJgh0Hk=\""},{"Name":"Last-Modified","Value":"Mon, 16 Feb 2026 00:49:00 GMT"},{"Name":"Vary","Value":"Accept-Encoding"}],"EndpointProperties":[{"Name":"fingerprint","Value":"usz4n8shza"},{"Name":"integrity","Value":"sha256-wtqG8O0V5wKqSlrdqusuupa8omj9EpP6ErBELWtZfFo="},{"Name":"label","Value":"staticwebapp.config.json"},{"Name":"original-resource","Value":"\"wtqG8O0V5wKqSlrdqusuupa8omj9EpP6ErBELWtZfFo=\""}]},{"Route":"staticwebapp.config.usz4n8shza.json","AssetFile":"staticwebapp.config.json.br","Selectors":[{"Name":"Content-Encoding","Value":"br","Quality":"0.005291005291"}],"ResponseHeaders":[{"Name":"Cache-Control","Value":"max-age=31536000, immutable"},{"Name":"Content-Encoding","Value":"br"},{"Name":"Content-Length","Value":"188"},{"Name":"Content-Type","Value":"application/json"},{"Name":"ETag","Value":"\"ilFrEdZP0fwt19vtu6uwnfx4P1DESAG0KPhJ4WPxlfM=\""},{"Name":"Last-Modified","Value":"Mon, 16 Feb 2026 00:49:01 GMT"},{"Name":"Vary","Value":"Accept-Encoding"}],"EndpointProperties":[{"Name":"fingerprint","Value":"usz4n8shza"},{"Name":"integrity","Value":"sha256-wtqG8O0V5wKqSlrdqusuupa8omj9EpP6ErBELWtZfFo="},{"Name":"label","Value":"staticwebapp.config.json"},{"Name":"original-resource","Value":"\"wtqG8O0V5wKqSlrdqusuupa8omj9EpP6ErBELWtZfFo=\""}]},{"Route":"staticwebapp.config.usz4n8shza.json","AssetFile":"staticwebapp.config.json","Selectors":[],"ResponseHeaders":[{"Name":"Cache-Control","Value":"max-age=31536000, immutable"},{"Name":"Content-Length","Value":"325"},{"Name":"Content-Type","Value":"application/json"},{"Name":"ETag","Value":"\"wtqG8O0V5wKqSlrdqusuupa8omj9EpP6ErBELWtZfFo=\""},{"Name":"Last-Modified","Value":"Mon, 16 Feb 2026 00:46:57 GMT"},{"Name":"Vary","Value":"Accept-Encoding"}],"EndpointProperties":[{"Name":"fingerprint","Value":"usz4n8shza"},{"Name":"integrity","Value":"sha256-wtqG8O0V5wKqSlrdqusuupa8omj9EpP6ErBELWtZfFo="},{"Name":"label","Value":"staticwebapp.config.json"}]},{"Route":"staticwebapp.config.usz4n8shza.json.br","AssetFile":"staticwebapp.config.json.br","Selectors":[],"ResponseHeaders":[{"Name":"Cache-Control","Value":"max-age=31536000, immutable"},{"Name":"Content-Encoding","Value":"br"},{"Name":"Content-Length","Value":"188"},{"Name":"Content-Type","Value":"application/json"},{"Name":"ETag","Value":"\"ilFrEdZP0fwt19vtu6uwnfx4P1DESAG0KPhJ4WPxlfM=\""},{"Name":"Last-Modified","Value":"Mon, 16 Feb 2026 00:49:01 GMT"},{"Name":"Vary","Value":"Accept-Encoding"}],"EndpointProperties":[{"Name":"fingerprint","Value":"usz4n8shza"},{"Name":"integrity","Value":"sha256-ilFrEdZP0fwt19vtu6uwnfx4P1DESAG0KPhJ4WPxlfM="},{"Name":"label","Value":"staticwebapp.config.json.br"}]},{"Route":"staticwebapp.config.usz4n8shza.json.gz","AssetFile":"staticwebapp.config.json.gz","Selectors":[],"ResponseHeaders":[{"Name":"Cache-Control","Value":"max-age=31536000, immutable"},{"Name":"Content-Encoding","Value":"gzip"},{"Name":"Content-Length","Value":"241"},{"Name":"Content-Type","Value":"application/json"},{"Name":"ETag","Value":"\"R4fGvOOMTeYcCTLi1QS3ja7jsHRVNfV9ZU/3rJgh0Hk=\""},{"Name":"Last-Modified","Value":"Mon, 16 Feb 2026 00:49:00 GMT"},{"Name":"Vary","Value":"Accept-Encoding"}],"EndpointProperties":[{"Name":"fingerprint","Value":"usz4n8shza"},{"Name":"integrity","Value":"sha256-R4fGvOOMTeYcCTLi1QS3ja7jsHRVNfV9ZU/3rJgh0Hk="},{"Name":"label","Value":"staticwebapp.config.json.gz"}]}]}